Product ID,Brand,Category,Product Name,Product Number,Description,Dealer,MSRP,MAP,Primary Distributor,Secondary Distributor,Tertiary Distributor,Spec Sheet URL,Image URL
PROD10001,A2V,Rack Accessories,A2V - 2U Rack Drawer,A2VERLSD2U,2U Lockable Drawer,56.75,89.99,,Davis,,,https://uisupplies.com/LinkClick.aspx?fileticket=7x5_aplF2O0%3D&tabid=176&portalid=1&mid=634,https://uisupplies.com/Portals/1/Images/prod_images/28641_web.jpg
PROD10002,A2V,Rack Accessories,A2V - 1U Blank Space,A2VERB1U,1U Blank Space - Solid,6.5,10.99,,Davis,,,https://uisupplies.com/LinkClick.aspx?fileticket=7x5_aplF2O0%3D&tabid=176&portalid=1&mid=634,https://uisupplies.com/Portals/1/Images/prod_images/ERB2U.jpg
PROD10003,A2V,Rack Accessories,A2V - 2U Blank Space,A2VERB2U,2U Blank Space - Solid,9.7,11.99,,Davis,,,https://uisupplies.com/LinkClick.aspx?fileticket=7x5_aplF2O0%3D&tabid=176&portalid=1&mid=634,https://uisupplies.com/Portals/1/Images/prod_images/ERB2U.jpg
PROD10004,A2V,Rack Accessories,A2V - 2U Blank Space - Vented,A2VERB2UV,2U Blank Space - Vented,11,11.99,,Davis,,,https://uisupplies.com/LinkClick.aspx?fileticket=7x5_aplF2O0%3D&tabid=176&portalid=1&mid=634,https://uisupplies.com/Portals/1/Images/prod_images/ERB2UV.jpg
PROD10005,A2V,Rack Accessories,A2V - 3U Rack Drawer,A2VERLSD3U,3U Lockable Drawer,78.5,119.99,,Davis,,,https://uisupplies.com/LinkClick.aspx?fileticket=7x5_aplF2O0%3D&tabid=176&portalid=1&mid=634,https://uisupplies.com/Portals/1/Images/prod_images/22157.jpg
PROD10006,A2V,Rack Accessories,A2V - 2U Shelf - Vented,A2VERS2UV,2U Shelf - Vented,23.77,69.98,,Davis,,,https://uisupplies.com/LinkClick.aspx?fileticket=7x5_aplF2O0%3D&tabid=176&portalid=1&mid=634,https://uisupplies.com/Portals/1/Images/prod_images/ERS2UV.jpg
PROD10007,A2V,Rack Accessories,A2V - 1U Shelf - Vented,A2VERS1UV,1U Shelf - Vented,17.7,59.99,,Davis,,,https://uisupplies.com/LinkClick.aspx?fileticket=7x5_aplF2O0%3D&tabid=176&portalid=1&mid=634,https://uisupplies.com/Portals/1/Images/prod_images/ERS1UV.jpg
PROD10008,A2V,Rack Accessories,A2V - 1U Blank Space - Vented,A2VERB1UV,1U Blank Space - Vented,7.9,10.99,,Davis,,,https://uisupplies.com/LinkClick.aspx?fileticket=7x5_aplF2O0%3D&tabid=176&portalid=1&mid=634,https://uisupplies.com/Portals/1/Images/prod_images/ERB1UV.jpg
PROD10009,ADI,Access Control,0E-MAG600LB,0E-MAG600LB,"ADI PRO 0E-MAG600LB Single Door Magnetic Lock, 600lb., UL/ULC, Brushed Aluminum",96.99,145.5,,ADI,,,https://www.adiglobaldistribution.us/Product/adi-pro-0e-mag-lb?option=0E-MAG600LB,https://cdn.adiglobaldistribution.us/pim/500X500/10004/0E-MAG600LB_lg.jpg
PROD10010,AVARRO,Equipment Racks,"Avarro 18U Rack 24"" Depth - Glass Door",RK-ER18U,"Avarro 18U Rack 24"" Depth - Glass Door, 2 Fans, Casters, Shelves, Pre-Assembled",499.99,499.99,,ADI,,,https://www.adiglobaldistribution.us/Product/avarro-rk-er,https://cdn.adiglobaldistribution.us/pim/500X500/10008/RK-ER18U.jpg
PROD10011,AVARRO,Equipment Racks,"Avarro 12U Rack 24"" Depth - Glass Door",RK-ERW12U,"Avarro 12U Rack 24"" Depth - Glass Door, Hinged Wall Mounted, Pre-Assembled",299.99,299.99,,ADI,,,https://www.adiglobaldistribution.us/Product/RK-ERW12U,https://cdn.adiglobaldistribution.us/pim/500X500/10008/RK-ERW12U.jpg
PROD10012,AVARRO,Equipment Racks,"Avarro 6U Rack 24"" Depth - Glass Door",RK-ERW6U,"Avarro 6U Rack 24"" Depth - Glass Door, Hinged Wall Mounted, Pre-Assembled",219.99,219.99,,ADI,,,https://www.adiglobaldistribution.pr/product/rk-erw6u,https://cdn.adiglobaldistribution.us/pim/500X500/10008/RK-ERW6U.jpg
PROD10013,AVARRO,Equipment Racks,"Avarro 42U Rack 24"" Depth - Glass Door",RK-ER42U,"Avarro 42U Rack 24"" Depth - Glass Door, 2 Fans, Casters, Shelves, Pre-Assembled",899.99,899.99,,ADI,,,https://www.adiglobaldistribution.pr/product/rk-er42u,https://cdn.adiglobaldistribution.us/pim/500X500/10008/RK-ER42U.jpg
PROD10014,AVARRO,Equipment Racks,"Avarro 27U Rack 24"" Depth - Glass Door",RK-ER27U,"Avarro 27U Rack 24"" Depth - Glass Door, 2 Fans, Casters, Shelves, Pre-Assembled",579.99,579.99,,ADI,,,https://www.adiglobaldistribution.us/Product/RK-ER27U,https://cdn.adiglobaldistribution.us/pim/500X500/10008/RK-ER27U.jpg
PROD10015,Ace Backstage Co.,Floor Boxes,174SLBK,174SLBK,"Compact, reliable and versatile solution for various connectivity applications.",659,1242.89,,Fulks Media Solutions,FDW,,https://www.acebackstage.com/product/stage-pocket-for-allen-heath-and-digico/,https://www.acebackstage.com/wp-content/uploads/2020/02/174SLBK_Main-scaled-1-1.jpg
PROD10016,Alarm Controls,Access Control,TS2FR,TS2FR,"Alarm Controls TS-2FR TS-2 Request-to-Exit Station, 2"" Green Square Push Button, Single Gang, 430 Stainless Steel",46.46,46.46,,ADI,,,https://www.adiglobaldistribution.us/product/ac-ts2fr,https://cdn.adiglobaldistribution.us/pim/500X500/10058/AC-TS2FR_lg.jpg
PROD10017,Allen & Heath,Sound Consoles & Stage Boxes,Allen & Heath DX HUB Remote DX Expander Hub with 4 Ports,AH-DX-HUB,4 DX Link port hub,803.32,1199,1199,Fulks Media Solutions,FDW,,https://www.fdwcorp.com/prod/537642-allen-heath-dx-hub-remote-dx-expander-hub-with-4-ports,https://www.fdwcorp.com/common/products/lgr/359558.jpg?mmr=230
PROD10018,Allen & Heath,Sound Consoles & Stage Boxes,Allen & Heath DT168 16x8 Dante Audio Expander,AH-DT168,"16in x 8out Dante audio expander with dLive 96kHz mic preamps, 48kHz / 96kHz",1950.59,3199,2799,Fulks Media Solutions,FDW,,https://www.fdwcorp.com/prod/564995-allen-heath-dt168-16x8-dante-audio-expander,https://www.fdwcorp.com/common/products/lgr/344088.jpg?mmr=230
PROD10019,Allen & Heath,Sound Consoles & Stage Boxes,Allen & Heath DT164-W 16x4 Dante Audio Expander Wall Box,AH-DT164-W,"16in x 4out Dante audio expander wall box, 100-230V AC / IEC or screw terminal blocks / 12V DC power options, 48kHz / 96kHz",2551.01,4199,3499,Fulks Media Solutions,FDW,,https://www.fdwcorp.com/prod/564992-allen-heath-dt164-w-16x4-dante-audio-expander-wall-box,https://www.fdwcorp.com/common/products/lgr/344080.jpg?mmr=230
PROD10020,Allen & Heath,Sound Consoles & Stage Boxes,Allen & Heath AR84 Expander AudioRack Remote Stagebox for GLD and QU Mixers,AH-AR2-84-BLK,"8in x 4out Remote AudioRack, dSNAKE I/O for expansion, 1 RU, 48kHz",824.81,1499,1199,Fulks Media Solutions,FDW,,https://www.fdwcorp.com/prod/502027-allen-heath-ar84-expander-audiorack-remote-stagebox-for-gld-and-qu-mixers,https://www.fdwcorp.com/common/products/lgr/386775.jpg?mmr=230
PROD10021,Allen & Heath,Sound Consoles & Stage Boxes,Allen & Heath AR2412 Main AudioRack Remote Stagebox for GLD and QU Mixers,AH-AR2-2412-BLK,"24in x 12out Remote AudioRack, dSNAKE I/O for expansion, 3 RU, 48kHz",1350.18,2199,1899,Fulks Media Solutions,FDW,,https://www.fdwcorp.com/prod/540224-allen-heath-ar2412-main-audiorack-remote-stagebox-for-gld-and-qu-mixers,https://www.fdwcorp.com/common/products/lgr/313016.jpg?mmr=230
PROD10022,Allen & Heath,Sound Consoles & Stage Boxes,"Allen & Heath AB168 Portable Remote 16 Input x 8 Output, 48 kHz AudioRack Stage Bo",AH-AB-168,"16in x 8out portable AudioRack, dSNAKE I/O for expansion, 48kHz",1087.5,1799,1499,Fulks Media Solutions,FDW,,https://www.fdwcorp.com/prod/263614-allen-heath-ab168-portable-remote-16-input-x-8-output-48-khz-audiorack-stage-box,https://www.fdwcorp.com/common/products/lgr/200597.jpg?mmr=230
PROD10023,Allen & Heath,Sound Consoles & Stage Boxes,Allen & Heath DX164-W 16 XLR Input x 4 XLR Output Wall Mount DX Expander,AH-DX164-W,"Wall box I/O Expander 16 Mic/Line in, 4 Line out (DX ports), Connects to DX ports, DX Link card, or DX Hub, Cascade or redundant mode, 96kHz",1877.65,2999,2599,Fulks Media Solutions,FDW,,https://www.fdwcorp.com/prod/537550-allen-heath-dx164-w-16-xlr-input-x-4-xlr-output-wall-mount-dx-expander,https://www.fdwcorp.com/common/products/lgr/359550.jpg?mmr=230
PROD10024,Allen & Heath,Sound Consoles & Stage Boxes,Allen & Heath DX168 16 Input x 8 Output Portable Connectivity Expander with Ethercon,AH-DX168,"16in x 8out Stage Box with dLive 96kHz mic preamps, 96kHz",1486.31,2399,1999,Fulks Media Solutions,FDW,,https://www.fdwcorp.com/prod/535352-allen-heath-dx168-16-input-x-8-output-portable-connectivity-expander-with-ethercon,https://www.fdwcorp.com/common/products/lgr/294185.jpg?mmr=230
PROD10025,Allen & Heath,Sound Consoles & Stage Boxes,Allen & Heath GR4 1U Rack Mount 4 Zone Audio Mixer,AH-GR4,"4 mic + 4 stereo, 4 zone rack mount mixer with ducking, priority paging, phoenix connectors",524.61,869,899,Fulks Media Solutions,FDW,,https://www.fdwcorp.com/prod/544126-allen-heath-gr4-1u-rack-mount-4-zone-audio-mixer,https://www.fdwcorp.com/common/products/lgr/359668.jpg?mmr=230
PROD10026,Allen & Heath,Sound Consoles & Stage Boxes,Allen & Heath SQ SLink SLink Audio Interface Module for SQ Mixers,AH-M-SQ-SLINK-A,"128x128 channels of digital audio at 96kHz or 48kHz, supporting dSnake, DX, GigaAce and ME systems",225.15,399.99,299,Fulks Media Solutions,FDW,,https://www.fdwcorp.com/prod/554211-allen-heath-sq-slink-slink-audio-interface-module-for-sq-mixers,https://www.fdwcorp.com/common/products/lgr/335295.jpg?mmr=230
PROD10027,Allen & Heath,Sound Consoles & Stage Boxes,Allen & Heath SQ-BRACKET Detachable Tablet Bracket for SQ Series Mixers,AH-SQ-BRACKET,Detachable metal bracket for iPad/tablet for SQ,72.36,109.99,99,Fulks Media Solutions,FDW,,https://www.fdwcorp.com/prod/540228-allen-heath-sq-bracket-detachable-tablet-bracket-for-sq-series-mixers,https://www.fdwcorp.com/common/products/lgr/493612.jpg?mmr=230
PROD10028,Allen & Heath,Sound Consoles & Stage Boxes,Allen & Heath SQ-7 48-Channel Digital Mixer with 33 Faders,AH-SQ-7,"96kHz XCVI FPGA processing, 48 Input Channels, DEEP Processing, 33 Faders / 6 Layers, 32 onboard preamp,12 Stereo mixes+LR, 3 Stereo Matrix",4630.98,7299,5999,Fulks Media Solutions,FDW,,https://www.fdwcorp.com/prod/550470-allen-heath-sq-7-48-channel-digital-mixer-with-33-faders,https://www.fdwcorp.com/common/products/lgr/323588.jpg?mmr=230
PROD10029,Allen & Heath,Sound Consoles & Stage Boxes,Allen & Heath SQ-6 48-Channel Digital Mixer with 25 Faders,AH-SQ-6,"96kHz XCVI FPGA processing, 48 Input Channels, DEEP Processing, 25 Faders / 6 Layers, 24 onboard preamp, 12 Stereo mixes+LR, 3 Stereo Matrix",3859.02,6199,4999,Fulks Media Solutions,FDW,,https://www.fdwcorp.com/prod/538189-allen-heath-sq-6-48-channel-digital-mixer-with-25-faders,https://www.fdwcorp.com/common/products/lgr/363804.jpg?mmr=230
PROD10030,Allen & Heath,Sound Consoles & Stage Boxes,Allen & Heath SQ-5-RK19 Rack Mount Kit for SQ-5 Mixer,AH-SQ-5-RK19,Rack mount kit for SQ-5 (12u) - optional,52.53,89.99,99,Fulks Media Solutions,FDW,,https://www.fdwcorp.com/prod/540187-allen-heath-sq-5-rk19-rack-mount-kit-for-sq-5-mixer,https://www.fdwcorp.com/common/products/lgr/365716.jpg?mmr=230
PROD10031,Allen & Heath,Sound Consoles & Stage Boxes,Allen & Heath SQ-5 48-Channel Digital Mixer with 17 Faders,AH-SQ-5,"96kHz XCVI FPGA processing, 48 Input Channels, DEEP Processing, 17 Faders / 6 Layers, 16 onboard preamp, 12 Stereo mixes+LR, 3 Stereo Matrix, 7ƒÆ'‚ƒ‚¬Å¡‚¬",3087.06,4999,3999,Fulks Media Solutions,FDW,,https://www.fdwcorp.com/prod/538188-allen-heath-sq-5-48-channel-digital-mixer-with-17-faders,https://www.fdwcorp.com/common/products/lgr/299807.jpg?mmr=230
PROD10032,Allen & Heath,Sound Consoles & Stage Boxes,Allen & Heath ME-500 16 Channel Personal Mixer,AH-ME-500,"Personal Monitor Mixer, 16 Mono/Stereo channels, 8 scene recall memories, 2-band EQ, limiter, PoE powered",375.22,649.99,599,Fulks Media Solutions,FDW,,https://www.fdwcorp.com/prod/537988-allen-heath-me-500-16-channel-personal-mixer,https://www.fdwcorp.com/common/products/lgr/299491.jpg?mmr=230
PROD10033,Allen & Heath,Sound Consoles & Stage Boxes,Allen & Heath ME-1-AH Compact 40 Source Personal Mixer,AH-ME-1,"Personal Monitor Mixer, 42 channel, 16 scene recall memories, 3 band swept mid EQ, limiter, PoE powered, includes stand bracket and headphone hook",600.44,999.99,799,Fulks Media Solutions,FDW,,https://www.fdwcorp.com/prod/228834-allen-heath-me-1-ah-compact-40-source-personal-mixer,https://www.fdwcorp.com/common/products/lgr/363103.jpg?mmr=230
PROD10034,Allen & Heath,Sound Consoles & Stage Boxes,Allen & Heath CQ18T-RK19 CQ-18T Rackmount Kit,AH-CQ18T-RK19,CQ-18T Rackmount Kit,60.03,99.99,99,Fulks Media Solutions,FDW,,https://www.fdwcorp.com/prod/623069-allen-heath-cq18t-rk19-cq-18t-rackmount-kit,https://www.fdwcorp.com/common/products/lgr/474688.jpg?mmr=230
PROD10035,Allen & Heath,Sound Consoles & Stage Boxes,"Allen & Heath AVANTIS 64-Channel Digital Mixer, 96kHz",AH-AVANTIS,"96kHz FPGA processing, 64 Input Channels, 24 Faders / 6 Layers, 42 Mix busses, Dual 15.6-inch",12552,14999,14999,Fulks Media Solutions,FDW,,https://www.fdwcorp.com/prod/577666-allen-heath-avantis-64-channel-digital-mixer-96khz,https://www.fdwcorp.com/common/products/lgr/371038.jpg?mmr=230
PROD10036,Allen & Heath,Sound Consoles & Stage Boxes,"Allen & Heath AVANTIS SOLO with dPack 64 Channel 12 Fader Digital Mixing Console w/15.6"" HD Capacitive Touchscreen DPACK Processing Pre-Loaded",AH-AVANTIS-SOLO-W-DPACK,"96kHz FPGA processing, 64 Input Channels, 12 Faders / 6 Layers, 42 Mix busses, Single 15.6-inch",8415,13499,9999,Fulks Media Solutions,FDW,,https://www.fdwcorp.com/prod/625863-allen-heath-avantis-solo-with-dpack-64-channel-12-fader-digital-mixing-console-w-15-6-hd-capacitive-touchscreen-dpack-processing-pre-loaded,https://www.fdwcorp.com/common/products/lgr/479159.jpg?mmr=230
PROD10037,Allen & Heath,Sound Consoles & Stage Boxes,"Allen & Heath AVANTIS with DPack 64-Channel Digital Mixer with DPack, 96kHz",AH-AVANTIS-W-DPACK,"96kHz FPGA processing, 64 Input Channels, 24 Faders / 6 Layers, 42 Mix busses, Dual 15.6-inch",13626,16499,15999,Fulks Media Solutions,FDW,,https://www.fdwcorp.com/prod/578011-allen-heath-avantis-with-dpack-64-channel-digital-mixer-with-dpack-96khz,https://www.fdwcorp.com/common/products/lgr/373345.jpg?mmr=230
PROD10038,Allen & Heath,Sound Consoles & Stage Boxes,Allen & Heath CQ20B-RK19 CQ-20B Rackmount Kit,AH-CQ20B-RK19,CQ-20B Rackmount Kit,52.53,89.99,99,Fulks Media Solutions,FDW,,https://www.fdwcorp.com/prod/623072-allen-heath-cq20b-rk19-cq-20b-rackmount-kit,https://www.fdwcorp.com/common/products/lgr/474695.jpg?mmr=230
PROD10039,Allen & Heath,Sound Consoles & Stage Boxes,Allen & Heath DPACK Software Processing Lifetime Upgrade for Avantis,AH-DPACK,"dPack software processing upgrade, Dyn8 (up to 16 instances), DEEP Compressors, Dual Stage Valve Preamp, etc. Lifetime access to all emulations - including releases after initial dPack purchase",1479,2099,1599,Fulks Media Solutions,FDW,,https://www.fdwcorp.com/prod/577667-allen-heath-dpack-software-processing-lifetime-upgrade-for-avantis,https://www.fdwcorp.com/common/products/lgr/371045.jpg?mmr=230
PROD10040,Allen & Heath,Sound Consoles & Stage Boxes,Allen & Heath AVANTIS-BRACKET Detachable Metal Bracket for iPad/tablet for Avantis,AH-AVANTIS-BRACKET,Detachable metal bracket for iPad/tablet for Avantis,90.05,149.99,139,Fulks Media Solutions,FDW,,https://www.fdwcorp.com/prod/600631-allen-heath-avantis-bracket-detachable-metal-bracket-for-ipad-tablet-for-avantis,https://www.fdwcorp.com/common/products/lgr/435643.jpg?mmr=230
PROD10041,Allen & Heath,Sound Consoles & Stage Boxes,Allen & Heath ME-U 10 Port PoE Monitor HUB with Onboard Network,AH-ME-U,"10 port PoE Monitor Hub, onboard network port, optional I/O compatible with Dante, Waves SG, MADI, Aviom A-Net2, Plug and Play with Allen & Heath Qu, SQ, Avantis and dLive Consoles",1500.92,2499.98,2199,Fulks Media Solutions,FDW,,https://www.fdwcorp.com/prod/229546-allen-heath-me-u-10-port-poe-monitor-hub-with-onboard-network,https://www.fdwcorp.com/common/products/lgr/154880.jpg?mmr=230
PROD10042,Allen & Heath,Sound Consoles & Stage Boxes,Allen & Heath AHM 16x16,AHM-16,"Allen & Heath AHM 16x16 Audio Matrix Processor, 8 Local Analog Inputs & Outputs",1049.12,1199,1499,Fulks Media Solutions,FDW,,https://www.fdwcorp.com/prod/607338-allen-heath-ahm-16-16x16-audio-matrix,https://www.fdwcorp.com/common/products/lgr/449063.jpg?mmr=230
PROD10043,Allen & Heath,Sound Consoles & Stage Boxes,Allen & Heath AHM 32x32,AHM-32,"Allen & Heath AHM 32x32 Audio Matrix Processor, 12 Local Analog Inputs & Outputs",1658.97,1999,1999,Fulks Media Solutions,FDW,,https://www.fdwcorp.com/prod/607339-allen-heath-ahm-32-32x32-audio-matrix,https://www.fdwcorp.com/common/products/lgr/449068.jpg?mmr=230
PROD10044,Allen & Heath,Sound Consoles & Stage Boxes,Allen & Heath AHM 64x64,AHM-64,"Allen & Heath AHM 64x64 Audio Matrix Processor, 12 Local Analog Inputs & Outputs",3296.91,3999,3999,Fulks Media Solutions,FDW,,https://www.fdwcorp.com/prod/589419-allen-heath-ahm-64-64x64-audio-matrix-processor,https://www.fdwcorp.com/common/products/lgr/407430.jpg?mmr=230
PROD10045,Allen & Heath,Sound Consoles & Stage Boxes,"Allen & Heath SQ-RACK SQ Series 48 Channel 96kHz XCVI Core Rack Mountable Digital Mixer w/7"" HD Capacitive Touchscreen",SQ-Rack,48 Channel / 36 Bus Digital Rack Mount Mixer,2550.25,2999,2999,Fulks Media Solutions,FDW,,https://www.fdwcorp.com/prod/640301-allen-heath-sq-rack-sq-series-48-channel-96khz-xcvi-core-rack-mountable-digital-mixer-w-7-hd-capacitive-touchscreen,https://www.fdwcorp.com/common/products/lgr/528125.jpg?mmr=230
PROD10047,Allen & Heath,Sound Consoles & Stage Boxes,Allen & Heath DX HUB Remote DX Expander Hub with 4 Ports,DX Hub,"Audio networking hub with flexible routing, compatibility, and low latency performance.",847.03,1199.99,1199,Fulks Media Solutions,FDW,,https://www.fdwcorp.com/prod/537642-allen-heath-dx-hub-remote-dx-expander-hub-with-4-ports,https://www.fdwcorp.com/common/products/lgr/298786.jpg?mmr=230
PROD10048,Allen & Heath,Sound Consoles & Stage Boxes,Allen & Heath DX164-W 16 XLR Input x 4 XLR Output Wall Mount DX Expander,DX164-W,16x4 audio interface with remote preamps and integrated Dante audio networking.,1969.08,2999,2599,Fulks Media Solutions,FDW,,https://www.fdwcorp.com/prod/537550-allen-heath-dx164-w-16-xlr-input-x-4-xlr-output-wall-mount-dx-expander,https://www.fdwcorp.com/common/products/lgr/359550.jpg?mmr=230
PROD10049,Allen & Heath,Sound Consoles & Stage Boxes,Allen & Heath DX012 12 XLR Output Analog/AES Portable DX Expander,DX012,"12-channel digital XLR, stagebox, expansion for Allen & Heath systems.",1236.51,1499,1599,Fulks Media Solutions,FDW,,https://www.fdwcorp.com/prod/567991-allen-heath-dx012-12-xlr-output-analog-aes-portable-dx-expander,https://www.fdwcorp.com/common/products/lgr/359981.jpg?mmr=230
PROD10050,Allen & Heath,Sound Consoles & Stage Boxes,"Allen & Heath DX88 P RK19 19"" Rack Mount Kit for DX88-P I/O Audio Expander",AH-DX88-P-RK19,Rack Mount kit for DX88-P,80.4,124.99,129,Fulks Media Solutions,FDW,,https://www.fdwcorp.com/prod/625850-allen-heath-dx88-p-rk19-19-rack-mount-kit-for-dx88-p-i-o-audio-expander,https://www.fdwcorp.com/common/products/lgr/479146.jpg?mmr=230
PROD10051,Allen & Heath,Sound Consoles & Stage Boxes,Allen & Heath DX012-RK Recessed Rack Ears for DX012,AH-DX012-RK,Recessed rack ears for the DX012. Allows the DX012 to be recessed back in the rack to align with dLive DM and CDM racks.,60.03,99.99,99,Fulks Media Solutions,FDW,,https://www.fdwcorp.com/prod/598422-allen-heath-dx012-rk-recessed-rack-ears-for-dx012,https://www.fdwcorp.com/common/products/lgr/428430.jpg?mmr=230
PROD10052,Allen & Heath,Sound Consoles & Stage Boxes,Allen & Heath DX88 P 8x8 Half-Rack I/O Audio Expander with Phoenix Connectors,AH-DX88-P,8in x 8out I/O with Phoenix Connectors,804.12,1249.99,1199,Fulks Media Solutions,FDW,,https://www.fdwcorp.com/prod/625849-allen-heath-dx88-p-8x8-half-rack-i-o-audio-expander-with-phoenix-connectors,https://www.fdwcorp.com/common/products/lgr/479141.jpg?mmr=230
PROD10053,Allen & Heath,Sound Consoles & Stage Boxes,Allen & Heath DX012 12 XLR Output Analog/AES Portable DX Expander,AH-DX012,"12out XLR Output Audio Expander with AES functionality, switchable 44.1kHz / 48kHz /88.2kHz / 96kHz, AES out, configurable as 12 analog / 8 analog + 4 stereo AES / 4 analog + 8 stereo AES, 96kHz",1173.23,1899,1599,Fulks Media Solutions,FDW,,https://www.fdwcorp.com/prod/567991-allen-heath-dx012-12-xlr-output-analog-aes-portable-dx-expander,https://www.fdwcorp.com/common/products/lgr/359980.jpg?mmr=230
PROD10054,Allen & Heath,Sound Consoles & Stage Boxes,Allen & Heath CQ20B Digital Mixer with WiFi and Bluetooth Connectivity,AH-CQ20B,CQ-20B 96kHz Digital Mixer with WiFi and Bluetooth Connectivity,779.99,1249.99,999,Fulks Media Solutions,FDW,,https://www.fdwcorp.com/prod/623070-allen-heath-cq20b-digital-mixer-with-wifi-and-bluetooth-connectivity,https://www.fdwcorp.com/common/products/lgr/472759.jpg?mmr=230
PROD10055,Allen & Heath,Sound Consoles & Stage Boxes,"Allen & Heath CQ18T Digital Mixer with 7"" Touchscreen WiFi and Bluetooth",AH-CQ18T,"CQ-18T 96kHz Digital Mixer with 7"" Touchscreen WiFi and Bluetooth Connectivity",935.99,1449.99,1199,Fulks Media Solutions,FDW,,https://www.fdwcorp.com/prod/623067-allen-heath-cq18t-digital-mixer-with-7-touchscreen-wifi-and-bluetooth,https://www.fdwcorp.com/common/products/lgr/472755.jpg?mmr=230
PROD10056,Allen & Heath,Sound Consoles & Stage Boxes,AH-FC-AVANTIS-GOMC,AH-FC-AVANTIS-GOMC,Avantis Flight Case with Doghouse,2180.64,2999,,Fulks Media Solutions,FDW,,,
PROD10057,Allen & Heath,Sound Consoles & Stage Boxes,Allen & Heath AB-168-RK19 Rackmount Kit for AB-168,AH-AB-168-RK19,"Optional rack mount kit for AB168, DX168, DT168",76.65,139.99,119,Fulks Media Solutions,FDW,,https://www.fdwcorp.com/prod/517374-allen-heath-ab-168-rk19-rackmount-kit-for-ab-168,https://www.fdwcorp.com/common/products/lgr/546531.jpg?mmr=230
PROD10058,Allen & Heath,Sound Consoles & Stage Boxes,"Allen & Heath AVANTIS SOLO 64 Channel 12 Fader Digital Mixing Console w/15.6"" HD Capacitive Touchscreen",AH-AVANTIS-SOLO,"96kHz FPGA processing, 64 Input Channels, 12 Faders / 6 Layers, 42 Mix busses, Single 15.6-inch",7594,11999,8999,Fulks Media Solutions,FDW,,https://www.fdwcorp.com/prod/625861-allen-heath-avantis-solo-64-channel-12-fader-digital-mixing-console-w-15-6-hd-capacitive-touchscreen,https://www.fdwcorp.com/common/products/lgr/479156.jpg?mmr=230
PROD10059,Allen & Heath,Sound Consoles & Stage Boxes,"Allen & Heath CQ12T Digital Mixer with 7"" Touchscreen and Bluetooth Connectivity",AH-CQ12T,"CQ-12T 96kHz Digital Mixer with 7"" Touchscreen and Bluetooth Connectivity",701.99,1124.99,899,Fulks Media Solutions,FDW,,https://www.fdwcorp.com/prod/623064-allen-heath-cq12t-digital-mixer-with-7-touchscreen-and-bluetooth-connectivity,https://www.fdwcorp.com/common/products/lgr/472751.jpg?mmr=230
PROD10060,Allen & Heath,Sound Consoles & Stage Boxes,Allen & Heath GX4816 48 XLR Input x 16 XLR Output Portable GX Expander with DX Sockets,AH-GX-4816,"48in x 16out audio expander with dLive 96kHz mic preamps, dual DX ports connect to up to 4 DX Expanders, DX2 socket supports ME connection, rack mount (5U), 96kHz",3521.28,5599,4999,Fulks Media Solutions,FDW,,https://www.fdwcorp.com/prod/567993-allen-heath-gx4816-48-xlr-input-x-16-xlr-output-portable-gx-expander-with-dx-sockets,https://www.fdwcorp.com/common/products/lgr/359985.jpg?mmr=230
PROD10061,Altelix,Enclosures,NF141210VA1,NF141210VA1,"14x12x10 Outdoor rated enclosure, Built-In Fans and Built-In Outlets",0,299,,Amazon,,,,
PROD10062,Altronix,Access Control,"Altronix RBSNP Relay Module, 12VDC, DPDT Contacts at 2A/120VAC or 2A/28VDC, Polarized",RBSNP,RBSNP is a DPDT relay module,10.65,13.61,,ADI,,,https://www.adiglobaldistribution.us/Product/AX-RBSNP,https://cdn.adiglobaldistribution.us/pim/500X500/10013/1020276806_lg.jpg
PROD10063,Altronix,Access Control,"Altronix AL125ULP Access Control Power Supply Charger, PTC Class Outputs, 12/24VDC at 1A, 24VAC, BC100 Enclosure",AL125ULP,"Power supply with 12V output, 2 amp capacity, multiple fused outputs.",120.14,118.72,,ADI,,,https://www.adiglobaldistribution.us/Product/AX-AL125ULP,https://cdn.adiglobaldistribution.us/pim/500X500/10008/AX-AL125ULP.jpg
PROD10064,Altronix,Access Control,"Altronix AL400ULM Access Power Distribution Module with Power Supply Charger, PTC Class Outputs, 12/24VDC at 4A, BC300 Enclosure",Altronix AL400ULM," Access Power Distribution Module with Power Supply Charger, PTC Class Outputs, 12/24VDC at 4A, BC300 Enclosure",222.91,0,,ADI,,,https://www.adiglobaldistribution.us/Product/AX-AL400ULM,https://cdn.adiglobaldistribution.us/pim/500X500/10001/1018831511_1.jpg
PROD10065,Apple,Tablets,iPAD-10TH-GEN,iPAD-10TH-GEN,"iPad 10th Gen, 64GB, WiFi",319,349,,Apple,Amazon,,,
PROD10066,Apple,Tablets,iPAD-AIR-11IN-M2,iPAD-AIR-11IN-M2,"iPad Air 11in M2, 256GB, WiFi",649,699,,Apple,Amazon,,,
PROD10067,Apple,Tablets,iPAD-MINI-6TH-GEN,iPAD-MINI-6TH-GEN,"iPad Mini 6th Gen, 64GB, WiFi",349.99,499.99,,Apple,Amazon,,,
PROD10068,Araknis Networks,Network Switches,Araknis 48 Port Switch - 420 Series - Front - PoE,AN-420-SW-F-48-POE,"Managed 48 Port Switch, 48 Front PoE+ GbE Ports, 2 SFP Ports, 30W PoE per port",2099.99,4199.95,,Snap AV,ADI,,https://www.snapav.com/shop/en/snapav/an-420-sw-f-48-poe,https://www.snapav.com/wcsstore/ExtendedSitesCatalogAssetStore/attachments/images/Networking/fullsize/AN-420-SW-F-48-POE-1F.png
PROD10069,Araknis Networks,Network Switches,Araknis 24 Port Switch - 320 Series - Rear - PoE,AN-320-SW-R-24-POE,"Managed 24 Port Switch, 24 Rear PoE+ GbE Ports, 2 SFP Ports 15W PoE per port",1051.95,1888.95,,Snap AV,ADI,,https://www.snapav.com/shop/en/snapav/an-320-sw-r-24-poe,https://www.snapav.com/wcsstore/ExtendedSitesCatalogAssetStore/attachments/images/Networking/fullsize/AN-320-SW-R-24-POE_01_Demi-Left_F.jpg
PROD10070,Araknis Networks,Network Switches,Araknis 16 Port Switch - 320 Series - Rear - PoE,AN-320-SW-R-16-POE,"Managed 16 Port Switch, 16 Rear PoE+ GbE Ports, 2 SFP Ports 15W PoE per port",796.3,1430.95,,Snap AV,ADI,,https://www.snapav.com/shop/en/snapav/an-320-sw-r-16-poe,https://www.snapav.com/wcsstore/ExtendedSitesCatalogAssetStore/attachments/images/Networking/fullsize/AN-320-SW-R-16-POE_01_Demi-Left_F.jpg
PROD10071,Araknis Networks,Network Switches,Araknis 16 Port Switch - 320 Series - Front - PoE,AN-320-SW-F-16-POE,"Managed 16 Port Switch, 16 Front PoE+ GbE Ports, 2 SFP Ports 15W PoE per port",796.3,1430.95,,Snap AV,ADI,,https://www.snapav.com/shop/en/snapav/an-320-sw-f-16-poe,https://www.snapav.com/wcsstore/ExtendedSitesCatalogAssetStore/attachments/images/Networking/fullsize/AN-320-SW-F-16-POE_01_Demi-Left_F.jpg
PROD10072,Araknis Networks,Network Switches,Araknis 8 Port Switch - 320 Series - Rear - PoE,AN-320-SW-R-8-POE,"Managed 8 Port Switch, 8 Rear PoE+ GbE Ports, 2 SFP Ports 15W PoE per port",390.99,702.64,,Snap AV,ADI,,https://www.snapav.com/shop/en/snapav/an-320-sw-r-8-poe,https://www.snapav.com/wcsstore/ExtendedSitesCatalogAssetStore/attachments/images/Networking/fullsize/AN-320-SW-R-8-POE_01_Demi-Left_F.jpg
PROD10073,Araknis Networks,Network Switches,Araknis 8 Port Switch - 320 Series - Front - PoE,AN-320-SW-F-8-POE,"Managed 8 Port Switch, 8 Front PoE+ GbE Ports, 2 SFP Ports, 15W PoE per port",390.99,702.64,,Snap AV,ADI,,https://www.snapav.com/shop/en/snapav/an-320-sw-f-8-poe,https://www.snapav.com/wcsstore/ExtendedSitesCatalogAssetStore/attachments/images/Networking/fullsize/AN-320-SW-F-8-POE_01-Demi-left_F.jpg
PROD10074,Araknis Networks,Network Switches,Araknis 48 Port Switch - 320 Series - Front,AN-320-SW-F-48,"Managed 48 Port Switch, Non-PoE, 48 Front GbE Ports, 2 SFP Ports",485.4,902.95,,Snap AV,ADI,,https://www.snapav.com/shop/en/snapav/an-320-sw-f-48,https://www.snapav.com/wcsstore/ExtendedSitesCatalogAssetStore/attachments/images/Networking/fullsize/AN-320-SW-F-48_01_Demi-Left_F.jpg
PROD10075,Araknis Networks,Network Switches,Araknis 8 Port Switch - 320 Series - Front,AN-320-SW-F-8,"Managed 8 Port Switch, Non-PoE, 8 Front GbE Ports, 2 SFP Ports",215.7,386.95,,Snap AV,ADI,,https://www.snapav.com/shop/en/snapav/an-320-sw-f-8,https://www.snapav.com/wcsstore/ExtendedSitesCatalogAssetStore/attachments/images/Networking/fullsize/AN-320-SW-F-8_01_Demi-Right_F.jpg
PROD10076,Araknis Networks,Network Switches,Araknis 8 Port Switch - 320 Series - Rear,AN-320-SW-R-8,"Managed 8 Port Switch, Non-PoE, 8 Rear GbE Ports, 2 SFP Ports",215.7,386.95,,Snap AV,ADI,,https://www.snapav.com/shop/en/snapav/an-320-sw-r-8,https://www.snapav.com/wcsstore/ExtendedSitesCatalogAssetStore/attachments/images/Networking/fullsize/AN-320-SW-R-8_01-Demi-Left_F.jpg
PROD10077,Araknis Networks,Network Switches,Araknis 16 Port Switch - 320 Series - Front,AN-320-SW-F-16,"Managed 16 Port Switch, Non-PoE, 16 Front GbE Ports, 2 SFP Ports",315.15,566.95,,Snap AV,ADI,,https://www.snapav.com/shop/en/snapav/an-320-sw-f-16,https://www.snapav.com/wcsstore/ExtendedSitesCatalogAssetStore/attachments/images/Networking/fullsize/AN-320-SW-F-16_01_Demi-Left_F.jpg
PROD10078,Araknis Networks,Network Switches,Araknis 24 Port Switch - 320 Series - Rear,AN-320-SW-R-24,"Managed 24 Port Switch, Non-PoE, 24 Rear GbE Ports, 2 SFP Ports",372.65,669.95,,Snap AV,ADI,,https://www.snapav.com/shop/en/snapav/an-320-sw-r-24,https://www.snapav.com/wcsstore/ExtendedSitesCatalogAssetStore/attachments/images/Networking/fullsize/AN-320-SW-R-24_01_Demi-Left_F.jpg
PROD10079,Araknis Networks,Network Switches,Araknis 16 Port Switch - 320 Series - Rear,AN-320-SW-R-16,"Managed 16 Port Switch, Non-PoE, 16 Rear GbE Ports, 2 SFP Ports",315.15,566.95,,Snap AV,ADI,,https://www.snapav.com/shop/en/snapav/an-320-sw-r-16,https://www.snapav.com/wcsstore/ExtendedSitesCatalogAssetStore/attachments/images/Networking/fullsize/AN-320-SW-R-16_01_Demi-Left_F.jpg
PROD10080,Araknis Networks,Network Switches,Araknis 24 Port Switch - 320 Series - Front,AN-320-SW-F-24,"Managed 24 Port Switch, Non-PoE, 24 Front GbE Ports, 2 SFP Ports",372.65,669.95,,Snap AV,ADI,,https://www.snapav.com/shop/en/snapav/an-320-sw-f-24,https://www.snapav.com/wcsstore/ExtendedSitesCatalogAssetStore/attachments/images/Networking/fullsize/AN-320-SW-F-24_01_Demi-Left_F.jpg
PROD10081,Araknis Networks,Network Switches,Araknis 24 Port Switch - 320 Series - Front - PoE,AN-320-SW-F-24-POE,"Managed 24 Port Switch, 24 Front PoE+ GbE Ports, 2 SFP Ports 15W PoE per port",1051.95,1888.95,,Snap AV,ADI,,https://www.snapav.com/shop/en/snapav/an-320-sw-f-24-poe,https://www.snapav.com/wcsstore/ExtendedSitesCatalogAssetStore/attachments/images/Networking/fullsize/AN-320-SW-F-24-POE_01_Demi-Left_F.jpg
PROD10082,Ashly,Power Amps,ASH-FX125-4,FX125.4,"Professional amplifier with high-quality sound, versatile connectivity options.",710.33,1374,999,Fulks Media Solutions,FDW,,https://www.fdwcorp.com/prod/614737-ashly-fx125-4-1-2-rack-compact-4-chan-power-amp-with-dsp,https://www.fdwcorp.com/common/products/lgr/451174.jpg?mmr=230
PROD10083,Ashly,Power Amps,Ashly FX 60.4 1/2-Rack Compact 4-Channel Power Amplifier with DSP,ASH-FX60-4,"4-channel full range audio amplifier with built in DSP, Half Rack Space, 60W per channel",497.82,874,899,Fulks Media Solutions,FDW,,https://www.fdwcorp.com/prod/614741-ashly-fx-60-4-1-2-rack-compact-4-channel-power-amplifier-with-dsp,https://www.fdwcorp.com/common/products/lgr/451183.jpg?mmr=230
PROD10084,Assa Abloy,Access Control,5000-12/24D-501-630,,Assa Abbloy HES5000 Series 12V Strike,117.39,117.39,,ADI,,,,
PROD10085,Atlona,Video Extenders,Atlona® 4K HDR HDMI over HDBaseT TX/RX with Control and PoE,AT-HDR-EX-70C-KIT,4K HDR HDMI Over HDBaseT TX/RX with Control and PoE,444,740,,Snap AV,ADI,,https://www.snapav.com/shop/en/snapav/at-hdr-ex-70c-kit,https://www.snapav.com/wcsstore/ExtendedSitesCatalogAssetStore/attachments/images/MediaDistribution/fullsize/AT-HDR-EX-70C-KIT-F.jpg
PROD10086,Atlona,Video Switchers,Binary™ 660 Series 4K HDR HDMI Matrix Switcher,B-660-MTRX-4X2,"Durable, versatile matrix with four inputs and two outputs configuration.",416.39,519.95,,Snap AV,ADI,,https://www.snapav.com/shop/en/snapav/b-660-mtrx-4x2,https://www.snapav.com/wcsstore/ExtendedSitesCatalogAssetStore/attachments/images/MediaDistribution/fullsize/B-660-MTRX-4x2-1F.jpg
PROD10087,Atlona,Video Extenders,HDBaseT - AT-HDR-EX-70C-KIT,AT-HDR-EX-70C-KIT,"Atlona 4K HDR HDMI over HDBaseT TX/RX with Control and PoE, 4K @ 40M with Cat6A, 1080P @ 70M wtih Cat6A",513.6,856,,Snap AV,ADI,,,
PROD10088,Atlona,Video Extenders,"Atlona® 4K HDR HDMI HDBaseT TX/RX with Ethernet, Control, PoE, and Return Audio",AT-HDR-EX-100CEA-KIT,"Atlona 4K HDR HDMI HDBaseT TX/RX with Ethernet, Control, PoE, and Return Audio, 4K @ 100M with Cat6A, 1080P @ 100M wtih Cat6A",636,1060,,Snap AV,ADI,,https://www.snapav.com/shop/en/snapav/at-hdr-ex-100cea-kit,https://www.snapav.com/wcsstore/ExtendedSitesCatalogAssetStore/attachments/images/MediaDistribution/fullsize/AT-HDR-EX-100CEA-KIT-F.jpg
PROD10089,BSS,Audio Processors,BSS BSSBLU100M Soundweb London 12x8 Signal Processor with BLU Link,BSSBLU100M,12x8 DSP Processor with BluLink Technology,1797.8,3380,3380,FDW,,,https://www.fdwcorp.com/prod/162100-bss-bssblu100m-soundweb-london-12x8-signal-processor-with-blu-link,https://www.fdwcorp.com/common/products/lgr/400051.jpg?mmr=230
PROD10090,Barco,Wireless Presentation,Barco ClickShare C-10 Gen2 Wireless Collaboration System,CLICKSHARE-C10-II,"Barco ClickShare C-10 Gen2 Wireless Collaboration System, 1 Hub & 1 Button",1344.5,1425,1425,FDW,,,https://www.fdwcorp.com/prod/625126-barco-clickshare-c-10-gen2-wireless-collaboration-system,https://www.fdwcorp.com/common/products/lgr/491908.jpg?mmr=230
PROD10091,Barco,Wireless Presentation,Barco ClickShare C-10 Gen2,CLICKSHARE-C10-USB2,"Barco ClickShare C-10 Gen2 Interactive Wireless Presentation System 2 Buttons, TAA Base + 2 Buttons, TAA Compliant",1533.5,1625,1625,FDW,,,https://www.fdwcorp.com/prod/637097-barco-clickshare-c-10-gen2-interactive-wireless-presentation-system-2-buttons-taa-base-2-buttons-taa-compliant,https://www.fdwcorp.com/common/products/lgr/521193.jpg?mmr=230
PROD10092,Barco,Wireless Presentation,Barco ClickShare CX-20 Gen2,R9861612USB1,Barco CX-20 Gen 2 Wireless Collaboration System with 1 Button,1986,2250,2250,FDW,,,https://www.fdwcorp.com/prod/628462-barco-cx-20-gen-2-wireless-collaboration-system-with-1-button,https://www.fdwcorp.com/common/products/lgr/493266.jpg?mmr=230
PROD10093,Barco,Wireless Presentation,Barco ClickShare CX-30 Gen 2,CX-30-V2,Barco ClickShare CX-30 Gen 2 Wireless Collaboration System with 2 Buttons,2477,2775,2775,FDW,,,https://www.fdwcorp.com/prod/627839-barco-clickshare-cx-30-gen-2-wireless-collaboration-system-with-2-buttons,https://www.fdwcorp.com/common/products/lgr/486646.jpg?mmr=230
PROD10094,Barco,Wireless Presentation,Barco ClickShare CX-50 Gen 2 Wireless Conferencing System with 2x ClickShare Buttons,CX-50 GEN2,Barco CX-50 ClickShare Wireless Collaboration System with 2 Buttons,3325,3725,3725,FDW,,,https://www.fdwcorp.com/prod/646891-barco-clickshare-cx-50-gen-2-wireless-conferencing-system-with-2x-clickshare-buttons,https://www.fdwcorp.com/common/products/lgr/545744.jpg?mmr=230
PROD10095,Blackmagic Design,Video Switchers,ATEM 1 M/E Constellation 4K,,"Live production switcher with 4 M/E, 20 inputs and multi-view support.",1875,1975,,FDW,Gear Techs,,,
PROD10096,Blackmagic Design,Video Switchers,Videohub-10x10-Matrix,Videohub-10x10-Matrix,Black Magic Design Videohub 10x10 12G Matrix,1395,1395,,FDW,Gear Techs,,,
PROD10097,Blustream,Video over IP,IP50HD-RX,IP50HD-RX,HD Video Receiver over 100Mbps,352,625,,Davis,,,https://www.blustream-us.com/Attachment/DownloadFile?downloadId=23,"https://res.cloudinary.com/dbihouiij/image/upload/c_scale,dpr_auto,f_auto,w_auto/v1/BSSiteImages/ip50hd-rx-116"
PROD10098,Blustream,Video over IP,IP50HD-TX,IP50HD-TX,HD Video Transmitter over 100Mbps,352,625,,Davis,,,https://www.blustream-us.com/Attachment/DownloadFile?downloadId=19,"https://res.cloudinary.com/dbihouiij/image/upload/c_scale,dpr_auto,f_auto,w_auto/v1/BSSiteImages/ip50hd-tx-110"
PROD10099,Blustream,Video over IP,IP200UHD-RX,IP200UHD-RX,HDMI over IP Receiver 4k with POE,557,990,,Davis,,,https://www.blustream-us.com/Attachment/DownloadFile?downloadId=787,"https://res.cloudinary.com/dbihouiij/image/upload/c_scale,dpr_auto,f_auto,w_auto/v1/BSSiteImages/ip200uhd-rx-134"
PROD10100,Blustream,Video over IP,IP200UHD-TX,IP200UHD-TX,HDMI over IP Transmitter 4k with POE,557,990,,Davis,,,https://www.blustream-us.com/Attachment/DownloadFile?downloadId=787,"https://res.cloudinary.com/dbihouiij/image/upload/c_scale,dpr_auto,f_auto,w_auto/v1/BSSiteImages/ip200uhd-tx-658"
PROD10101,Blustream,Video over IP,IP250UHD-RX,IP250UHD-RX,UHD Video Receiver over 1Gb,816,1448,,Davis,,,https://www.blustream-us.com/Attachment/DownloadFile?downloadId=787,"https://res.cloudinary.com/dbihouiij/image/upload/c_scale,dpr_auto,f_auto,w_auto/v1/BSSiteImages/ip250uhd-rx-144"
PROD10102,Blustream,Video over IP,IP250UHD-TX,IP250UHD-TX,UHD Video Transmitter over 1Gb,816,1448,,Davis,,,https://www.blustream-us.com/Attachment/DownloadFile?downloadId=787,"https://res.cloudinary.com/dbihouiij/image/upload/c_scale,dpr_auto,f_auto,w_auto/v1/BSSiteImages/ip250uhd-tx-140"
PROD10103,Blustream,Video over IP,IP500UHD-TZ,IP500UHD-TZ,UHD Video Transceiver over 10Gb,1148,2040,,Davis,,,https://www.blustream-us.com/Attachment/DownloadFile?downloadId=724,"https://res.cloudinary.com/dbihouiij/image/upload/c_scale,dpr_auto,f_auto,w_auto/v1/BSSiteImages/ip500uhd-tz-148"
PROD10104,Blustream,Video over IP,IP510UHD-TZ,IP510UHD-TZ,UHD Video Transceiver over 10Gb,1466,2778,,Davis,,,https://www.blustream-us.com/Attachment/DownloadFile?downloadId=559,"https://res.cloudinary.com/dbihouiij/image/upload/c_scale,dpr_auto,f_auto,w_auto/v1/BSSiteImages/ip510uhd-tz-2441"
PROD10105,Blustream,Video over IP,ACM500,ACM500,Control Module for IP500UHD-TZ,483,861,,Davis,,,https://www.blustream-us.com/Attachment/DownloadFile?downloadId=620,"https://res.cloudinary.com/dbihouiij/image/upload/c_scale,dpr_auto,f_auto,w_auto/v1/BSSiteImages/acm500-155"
PROD10106,Blustream,Video over IP,IP300UHD-TX,IP300UHD-TX,UHD HDMI Video over IP  Transmitter,675,1200,,Davis,,,https://www.blustream-us.com/Attachment/DownloadFile?downloadId=787,"https://res.cloudinary.com/dbihouiij/image/upload/c_scale,dpr_auto,f_auto,w_auto/v1/BSSiteImages/ip300uhd-tx-2437"
PROD10107,Blustream,Video over IP,IP300UHD-RX,IP300UHD-RX,UHD HDMI Video over IP Receiver,675,1200,,Davis,,,https://www.blustream-us.com/Attachment/DownloadFile?downloadId=787,"https://res.cloudinary.com/dbihouiij/image/upload/c_scale,dpr_auto,f_auto,w_auto/v1/BSSiteImages/ip300uhd-rx-2436"
PROD10108,Blustream,Video over IP,IP350UHD-TX,IP350UHD-TX,UHD Video over IP Transmitter,897,1595,,Davis,,,https://www.blustream-us.com/Attachment/DownloadFile?downloadId=807,"https://res.cloudinary.com/dbihouiij/image/upload/c_scale,dpr_auto,f_auto,w_auto/v1/BSSiteImages/ip350uhd-tx-2440"
PROD10109,Blustream,Video over IP,IP350UHD-RX,IP350UHD-RX,UHD Video over IP Receiver,897,1595,,Davis,,,https://www.blustream-us.com/Attachment/DownloadFile?downloadId=808,"https://res.cloudinary.com/dbihouiij/image/upload/c_scale,dpr_auto,f_auto,w_auto/v1/BSSiteImages/ip350uhd-rx-2439"
PROD10110,Blustream,Video over IP,IP300UHD-WP-TX,IP300UHD-WP-TX,NEW! Video Over IP Wallplate,791,1410,,Davis,,,https://www.blustream-us.com/Attachment/DownloadFile?downloadId=541,"https://res.cloudinary.com/dbihouiij/image/upload/c_scale,dpr_auto,f_auto,w_auto/v1/BSSiteImages/ip300uhd-wp-tx-2438"
PROD10111,Blustream,Video over IP,ACM210,ACM210,Control Module Gen 2 for IP50/200/250/300/350 TX and RX,352,625,,Davis,,,https://www.blustream-us.com/Attachment/DownloadFile?downloadId=787,"https://res.cloudinary.com/dbihouiij/image/upload/c_scale,dpr_auto,f_auto,w_auto/v1/BSSiteImages/acm210-2414"
PROD10112,Blustream,Video Extenders,HEX70SL-KIT,HEX70SL-KIT,"HDBaseT Extender Set, Slimline - 70m",201,340,,Davis,,,https://www.blustream-us.com/Attachment/DownloadFile?downloadId=103,"https://res.cloudinary.com/dbihouiij/image/upload/c_scale,dpr_auto,f_auto,w_auto/v1/BSSiteImages/hex70sl-kit-2428"
PROD10113,Blustream,Video Extenders,HEX70ARC-KIT,HEX70ARC-KIT,HDBaseT™ Extender Set - 70m,374,638,,Davis,,,https://www.blustream-us.com/Attachment/DownloadFile?downloadId=96,"https://res.cloudinary.com/dbihouiij/image/upload/c_scale,dpr_auto,f_auto,w_auto/v1/BSSiteImages/hex70arc-kit-2426"
PROD10114,Blustream,Video Extenders,HEX70CS-KIT,HEX70CS-KIT,HDBaseT Extender Set - 70m,401,682,,Davis,,,https://www.blustream-us.com/Attachment/DownloadFile?downloadId=100,"https://res.cloudinary.com/dbihouiij/image/upload/c_scale,dpr_auto,f_auto,w_auto/v1/BSSiteImages/hex70cs-kit-2427"
PROD10115,Blustream,Video Extenders,HEX100CS-KIT,HEX100CS-KIT,HDBaseT Extender Set - 100m,538,917,,Davis,,,https://www.blustream-us.com/Attachment/DownloadFile?downloadId=121,"https://res.cloudinary.com/dbihouiij/image/upload/c_scale,dpr_auto,f_auto,w_auto/v1/BSSiteImages/hex100cs-kit-2422"
PROD10116,Blustream,Video Extenders,HEX100HDVGA-KIT,HEX100HDVGA-KIT,HDBaseT Extender Set - 100m,604,1030,,Davis,,,https://www.blustream-us.com/Attachment/DownloadFile?downloadId=125,"https://res.cloudinary.com/dbihouiij/image/upload/c_scale,dpr_auto,f_auto,w_auto/v1/BSSiteImages/hex100hdvga-kit-263"
PROD10117,Blustream,Video Extenders,HEX150CS-KIT,HEX150CS-KIT,HDBaseT Extender Set - 150m,646,1102,,Davis,,,https://www.blustream-us.com/Attachment/DownloadFile?downloadId=128,"https://res.cloudinary.com/dbihouiij/image/upload/c_scale,dpr_auto,f_auto,w_auto/v1/BSSiteImages/hex150cs-kit-2423"
PROD10118,Blustream,Video Extenders,HEX18G-KIT,HEX18G-KIT,HDBaseT extender kit - 100m,538,917,,Davis,,,https://www.blustream-us.com/Attachment/DownloadFile?downloadId=90,"https://res.cloudinary.com/dbihouiij/image/upload/c_scale,dpr_auto,f_auto,w_auto/v1/BSSiteImages/hex18g-kit-2424"
PROD10119,Blustream,Video Extenders,HEX18GARC-KIT,HEX18GARC-KIT,Advanced HDBaseT™ Extender Set,822,1401,,Davis,,,https://www.blustream-us.com/Attachment/DownloadFile?downloadId=724,"https://res.cloudinary.com/dbihouiij/image/upload/c_scale,dpr_auto,f_auto,w_auto/v1/BSSiteImages/hex18garc-kit-2425"
PROD10120,Blustream,Video Extenders,HEX70SL-TX,HEX70SL-TX,"HDBaseT transmitter, Slimline - 70m",159,270,,Davis,,,https://www.blustream-us.com/Attachment/DownloadFile?downloadId=134,"https://res.cloudinary.com/dbihouiij/image/upload/c_scale,dpr_auto,f_auto,w_auto/v1/BSSiteImages/hex70sl-tx-573"
PROD10121,Blustream,Video Extenders,HEX70SL-RX,HEX70SL-RX,"HDBaseT Receiver, Slimline - 70m",159,270,,Davis,,,https://www.blustream-us.com/Attachment/DownloadFile?downloadId=161,"https://res.cloudinary.com/dbihouiij/image/upload/c_scale,dpr_auto,f_auto,w_auto/v1/BSSiteImages/hex70sl-rx-579"
PROD10122,Blustream,Video Extenders,RX70CS,RX70CS,"HDBaseT Receiver, for C66/88CS and HMXL66/88, Slimline",230,392,,Davis,,,https://www.blustream-us.com/Attachment/DownloadFile?downloadId=155,"https://res.cloudinary.com/dbihouiij/image/upload/c_scale,dpr_auto,f_auto,w_auto/v1/BSSiteImages/rx70cs-285"
PROD10123,Blustream,Video Extenders,HEX70CS-TX,HEX70CS-TX,HDBaseT Transmitter - 70m,256,433,,Davis,,,https://www.blustream-us.com/Attachment/DownloadFile?downloadId=139,"https://res.cloudinary.com/dbihouiij/image/upload/c_scale,dpr_auto,f_auto,w_auto/v1/BSSiteImages/hex70cs-tx-585"
PROD10124,Blustream,Video Extenders,HEX70CS-RX,HEX70CS-RX,HDBaseT Receiver- 70m,256,433,,Davis,,,https://www.blustream-us.com/Attachment/DownloadFile?downloadId=157,"https://res.cloudinary.com/dbihouiij/image/upload/c_scale,dpr_auto,f_auto,w_auto/v1/BSSiteImages/hex70cs-rx-591"
PROD10125,Blustream,Video Extenders,HEX100CS-RX,HEX100CS-RX,HDBaseT Extender Receiver - 100m,363,618,,Davis,,,https://www.blustream-us.com/Attachment/DownloadFile?downloadId=148,"https://res.cloudinary.com/dbihouiij/image/upload/c_scale,dpr_auto,f_auto,w_auto/v1/BSSiteImages/hex100cs-rx-603"
PROD10126,Blustream,Video Extenders,TX150CS,TX150CS,HDBaseT™ CSC ARC Receiver - 150m,458,867,,Davis,,,https://www.blustream-us.com/Attachment/DownloadFile?downloadId=456,"https://res.cloudinary.com/dbihouiij/image/upload/c_scale,dpr_auto,f_auto,w_auto/v1/BSSiteImages/tx150cs-1691"
PROD10127,Blustream,Video Extenders,RX150CS,RX150CS,HDBaseT™ CSC ARC Receiver - 150m,458,780,,Davis,,,https://www.blustream-us.com/Attachment/DownloadFile?downloadId=146,"https://res.cloudinary.com/dbihouiij/image/upload/c_scale,dpr_auto,f_auto,w_auto/v1/BSSiteImages/rx150cs-275"
PROD10128,Blustream,Video Extenders,HEX11WP-TX-US,HEX11WP-TX-US,HDMI Wall Plate HDBaseT™ Transmitter,370,630,,Davis,,,https://www.blustream-us.com/Attachment/DownloadFile?downloadId=412,"https://res.cloudinary.com/dbihouiij/image/upload/c_scale,dpr_auto,f_auto,w_auto/v1/BSSiteImages/hex11wp-tx-us-1460"
PROD10129,Blustream,Video Extenders,HEX31WP-TX-US,HEX31WP-TX-US,2 x HDMI & 1 x USB-C Wall Plate HDBaseT™ Transmitter,,1150,,Davis,,,https://www.blustream-us.com/Attachment/DownloadFile?downloadId=455,"https://res.cloudinary.com/dbihouiij/image/upload/c_scale,dpr_auto,f_auto,w_auto/v1/BSSiteImages/hex31wp-tx-us-1469"
PROD10130,Blustream,Video Extenders,HEX11WP-RX,HEX11WP-RX,HDMI Wall Plate HDBaseT™ Receiver,,800,,Davis,,,https://www.blustream-us.com/Attachment/DownloadFile?downloadId=181,"https://res.cloudinary.com/dbihouiij/image/upload/c_scale,dpr_auto,f_auto,w_auto/v1/BSSiteImages/hex11wp-rx-613"
PROD10131,Blustream,Video Extenders,FVE4K-KIT,FVE4K-KIT,4K UHD Fiber Extender Set,997,1700,,Davis,,,https://www.blustream-us.com/Attachment/DownloadFile?downloadId=398,"https://res.cloudinary.com/dbihouiij/image/upload/c_scale,dpr_auto,f_auto,w_auto/v1/BSSiteImages/fve4k-kit-1407"
PROD10132,Blustream,Video Extenders,RX18G,RX18G,HDBaseT™ 18G ARC Receiver for HMX88-18G - 100m,464,790,,Davis,,,https://www.blustream-us.com/Attachment/DownloadFile?downloadId=471,"https://res.cloudinary.com/dbihouiij/image/upload/c_scale,dpr_auto,f_auto,w_auto/v1/BSSiteImages/rx18g-1763"
PROD10133,Blustream,Video Extenders,UEX3C-KIT,UEX3C-KIT,NEW! 100m USB 3.2 Gen1 Extender,645,1100,,Davis,,,https://www.blustream-us.com/Attachment/DownloadFile?downloadId=590,"https://res.cloudinary.com/dbihouiij/image/upload/c_scale,dpr_auto,f_auto,w_auto/v1/BSSiteImages/uex3c-kit-2141"
PROD10134,Blustream,Video Extenders,HEX70USB-KIT,HEX70USB-KIT,HDBaseT™ HDMI 2.0 & USB 2.0 Extender Set - 70m,604,1030,,Davis,,,https://www.blustream-us.com/Attachment/DownloadFile?downloadId=724,"https://res.cloudinary.com/dbihouiij/image/upload/c_scale,dpr_auto,f_auto,w_auto/v1/BSSiteImages/hex70usb-kit-2429"
PROD10135,Blustream,USB Extenders,UEX100E-KIT,UEX100E-KIT,Advanced USB 2.0 HDBaseT™ Extender Set - 100m,424,721,,Davis,,,https://www.blustream-us.com/Attachment/DownloadFile?downloadId=724,"https://res.cloudinary.com/dbihouiij/image/upload/c_scale,dpr_auto,f_auto,w_auto/v1/BSSiteImages/uex100e-kit-432"
PROD10136,Blustream,USB Extenders,UEX50B-KIT,UEX50B-KIT,USB 2.0 Extender Set - 50m,242,412,,Davis,,,https://www.blustream-us.com/Attachment/DownloadFile?downloadId=724,"https://res.cloudinary.com/dbihouiij/image/upload/c_scale,dpr_auto,f_auto,w_auto/v1/BSSiteImages/uex50b-kit-428"
PROD10137,Blustream,Audio Extenders,PAC500AU,PAC500AU,Passive Analog audio extender 500M,57,94,,Davis,,,https://www.blustream-us.com/Attachment/DownloadFile?downloadId=388,"https://res.cloudinary.com/dbihouiij/image/upload/c_scale,dpr_auto,f_auto,w_auto/v1/BSSiteImages/pac500au-527"
PROD10138,Blustream,Audio Extenders,CAT100AU,CAT100AU,Audio over CAT5 - 100m,123,208,,Davis,,,https://www.blustream-us.com/Attachment/DownloadFile?downloadId=389,"https://res.cloudinary.com/dbihouiij/image/upload/c_scale,dpr_auto,f_auto,w_auto/v1/BSSiteImages/cat100au-521"
PROD10139,Blustream,Video Extenders,CAT100EARC,CAT100EARC,100m eARC/ARC Over CAT,191,324,,Davis,,,https://www.blustream-us.com/Attachment/DownloadFile?downloadId=322,"https://res.cloudinary.com/dbihouiij/image/upload/c_scale,dpr_auto,f_auto,w_auto/v1/BSSiteImages/cat100earc-515"
PROD10140,Crown,Power Amps,"Crown DCi 2|1250N 2-Channel Power Amplifier, 1250W at 4 Ohms, 70V, Blu-Link",DCI2X1250N-U-USFX,"DCi 2|1250N 2-Channel Power Amplifier, 1250W at 4 Ohms, 70V, Blu-Link",2413.87,4543,4543,FDW,Davis,ADI,https://www.fdwcorp.com/prod/247469-crown-dci-2-1250n-2-channel-power-amplifier-1250w-at-4-ohms-70v-blu-link,https://www.fdwcorp.com/common/products/lgr/341331.jpg?mmr=230
PROD10141,Crown,Power Amps,Crown DCi 2|2400N,DCI2X2400N-U-USFX,"DCi 2|2400N 2-Channel Power Amplifier, 200 W at 4 Ohms, 70 V, Blu-Link",3635.51,6871,6871,FDW,Davis,ADI,https://www.fdwcorp.com/prod/284924-crown-dci-2-2400n-2-channel-power-amplifier-200-w-at-4-ohms-70-v-blu-link,https://www.fdwcorp.com/common/products/lgr/237283.jpg?mmr=230
PROD10142,Crown,Power Amps,DCI4-1250N,DCI4X1250N-U-USFX,"DCi 4|1250N 4-Channel Power Amplifier with BLU Link, 1250W at 4 Ohms, 70V/100V",3082.89,6670,,FDW,Davis,ADI,,
PROD10143,Crown,Power Amps,DCI4-2400N,DCI4X2400N-U-USFX,"DCi 4|2400N 4-Channel Power Amplifier with BluLink, 2400W At 4 Ohms, 70V",4937.1,10750,,FDW,Davis,ADI,,
PROD10144,CanaKit,Custom,Canakit Pi 4 Bundle,Canakit Pi 4 Bundle,"Canakit Pi 4 Bundle with enclosure, 8GB SD card, power, and all necessary accessories",149.99,149.99,,Amazon,,,,
PROD10145,Chief,Display Mounts,XTM1U,XTM1U,Heavy Duty Fixed Mount with Tilt for Extra Large Displays,284.38,455,,Davis,ADI,,,
PROD10146,Command Access Technologies,Access Control,MLRK1-LSDA2,MLRK1-LSDA2,"Motorized Latch Retraction Kit for Townsteel ED1000, LSDA9200 & USCAN 1000 Series Exit Device",430.55,0,,ADI,,,,
PROD10147,Countryman,Microphones,H6DW6T-SR,H6DW6T-SR,"H6 Series Microphone, 3.5mm connector for Sennheiser body pack, Tan Color",510.85,809,,FDW,,,,
PROD10148,Countryman,Microphones,H6OW6L-SL,,High-performance double ear headset microphone,0,439.88,,FDW,,,,